,date,state,death,deathConfirmed,deathIncrease,hospitalizedCurrently,inIcuCurrently,positive,positiveCasesViral,positiveIncrease,totalTestsViral,policy,StringencyIndex,StringencyIndexForDisplay,StringencyLegacyIndex,StringencyLegacyIndexForDisplay,GovernmentResponseIndex,GovernmentResponseIndexForDisplay,ContainmentHealthIndex,ContainmentHealthIndexForDisplay,EconomicSupportIndex,EconomicSupportIndexForDisplay
0,3/4/2020,NC,0,0,0,0,0,1,0,0,0,0,0,0,0,0,2.08,2.08,2.38,2.38,0,0
1,3/5/2020,NC,0,0,0,0,0,1,0,0,0,0,0,0,0,0,2.08,2.08,2.38,2.38,0,0
2,3/6/2020,NC,0,0,0,0,0,2,0,1,0,0,0,0,0,0,2.08,2.08,2.38,2.38,0,0
3,3/7/2020,NC,0,0,0,0,0,2,0,0,0,0,0,0,0,0,2.08,2.08,2.38,2.38,0,0
4,3/8/2020,NC,0,0,0,0,0,2,0,0,0,0,0,0,0,0,2.08,2.08,2.38,2.38,0,0
5,3/9/2020,NC,0,0,0,0,0,2,0,0,0,0,0,0,0,0,2.08,2.08,2.38,2.38,0,0
6,3/10/2020,NC,0,0,0,0,0,7,0,5,0,0,12.96,12.96,23.81,23.81,11.46,11.46,13.1,13.1,0,0
7,3/11/2020,NC,0,0,0,0,0,7,0,0,0,0,24.07,24.07,38.1,38.1,17.71,17.71,20.24,20.24,0,0
8,3/12/2020,NC,0,0,0,0,0,12,0,5,0,0,24.07,24.07,38.1,38.1,20.83,20.83,20.24,20.24,25,25
9,3/13/2020,NC,0,0,0,0,0,15,0,3,0,0,24.07,24.07,38.1,38.1,20.83,20.83,20.24,20.24,25,25
10,3/14/2020,NC,0,0,0,0,0,23,0,8,0,0,24.07,24.07,38.1,38.1,20.83,20.83,20.24,20.24,25,25
11,3/15/2020,NC,0,0,0,0,0,32,0,9,0,0,24.07,24.07,38.1,38.1,20.83,20.83,20.24,20.24,25,25
12,3/16/2020,NC,0,0,0,0,0,33,0,1,0,0,39.81,39.81,53.57,53.57,29.69,29.69,30.36,30.36,25,25
13,3/17/2020,NC,0,0,0,0,0,40,0,7,936,0,43.52,43.52,57.14,57.14,33.33,33.33,32.74,32.74,37.5,37.5
14,3/18/2020,NC,0,0,0,0,0,63,0,23,1231,0,43.52,43.52,57.14,57.14,33.33,33.33,32.74,32.74,37.5,37.5
15,3/19/2020,NC,0,0,0,0,0,97,0,34,1436,0,43.52,43.52,57.14,57.14,33.33,33.33,32.74,32.74,37.5,37.5
16,3/20/2020,NC,0,0,0,0,0,137,0,40,3132,0,51.85,51.85,59.52,59.52,38.02,38.02,38.1,38.1,37.5,37.5
17,3/21/2020,NC,0,0,0,0,0,184,0,47,4075,0,51.85,51.85,59.52,59.52,38.02,38.02,38.1,38.1,37.5,37.5
18,3/22/2020,NC,0,0,0,0,0,255,0,71,6267,0,51.85,51.85,59.52,59.52,38.02,38.02,38.1,38.1,37.5,37.5
19,3/23/2020,NC,0,0,0,0,0,297,0,42,7656,0,55.56,55.56,63.1,63.1,40.1,40.1,40.48,40.48,37.5,37.5
20,3/24/2020,NC,0,0,0,0,0,398,0,101,9819,0,55.56,55.56,63.1,63.1,40.1,40.1,40.48,40.48,37.5,37.5
21,3/25/2020,NC,1,0,1,29,0,504,0,106,10348,0,60.19,60.19,65,65,42.71,42.71,43.45,43.45,37.5,37.5
22,3/26/2020,NC,2,0,1,29,0,636,0,132,12794,0,64.81,64.81,65,65,47.4,47.4,48.81,48.81,37.5,37.5
23,3/27/2020,NC,3,0,1,77,0,763,0,127,15587,0,64.81,64.81,65,65,47.4,47.4,48.81,48.81,37.5,37.5
24,3/28/2020,NC,4,0,1,87,0,935,0,172,18254,0,64.81,64.81,65,65,47.4,47.4,48.81,48.81,37.5,37.5
25,3/29/2020,NC,4,0,0,91,0,1040,0,105,21164,0,64.81,64.81,65,65,47.4,47.4,48.81,48.81,37.5,37.5
26,3/30/2020,NC,6,0,2,137,0,1307,0,267,22802,1,72.22,72.22,74.52,74.52,51.56,51.56,53.57,53.57,37.5,37.5
27,3/31/2020,NC,8,0,2,157,0,1498,0,191,24884,1,72.22,72.22,74.52,74.52,51.56,51.56,53.57,53.57,37.5,37.5
28,4/1/2020,NC,10,0,2,204,0,1584,0,86,27671,1,72.22,72.22,74.52,74.52,51.56,51.56,53.57,53.57,37.5,37.5
29,4/2/2020,NC,16,0,6,184,0,1857,0,273,31106,1,72.22,72.22,74.52,74.52,51.56,51.56,53.57,53.57,37.5,37.5
30,4/3/2020,NC,19,0,3,184,0,2093,0,236,33989,1,72.22,72.22,74.52,74.52,51.56,51.56,53.57,53.57,37.5,37.5
31,4/4/2020,NC,24,0,5,271,0,2402,0,309,37393,1,72.22,72.22,74.52,74.52,51.56,51.56,53.57,53.57,37.5,37.5
32,4/5/2020,NC,31,0,7,261,0,2585,0,183,45022,1,72.22,72.22,74.52,74.52,51.56,51.56,53.57,53.57,37.5,37.5
33,4/6/2020,NC,33,0,2,270,0,2870,0,285,46365,1,72.22,72.22,74.52,74.52,51.56,51.56,53.57,53.57,37.5,37.5
34,4/7/2020,NC,46,0,13,354,0,3221,0,351,47217,1,72.22,72.22,74.52,74.52,51.56,51.56,53.57,53.57,37.5,37.5
35,4/8/2020,NC,53,0,7,386,0,3426,0,205,48130,1,72.22,72.22,74.52,74.52,51.56,51.56,53.57,53.57,37.5,37.5
36,4/9/2020,NC,65,0,12,398,0,3651,0,225,50561,1,72.22,72.22,74.52,74.52,51.56,51.56,53.57,53.57,37.5,37.5
37,4/10/2020,NC,74,0,9,423,0,3908,0,257,55823,1,72.22,72.22,74.52,74.52,51.56,51.56,53.57,53.57,37.5,37.5
38,4/11/2020,NC,80,0,6,362,0,4312,0,404,66034,1,72.22,72.22,74.52,74.52,51.56,51.56,53.57,53.57,37.5,37.5
39,4/12/2020,NC,81,0,1,331,0,4520,0,208,68909,1,72.22,72.22,74.52,74.52,51.56,51.56,53.57,53.57,37.5,37.5
40,4/13/2020,NC,86,0,5,313,0,4816,0,296,76908,1,72.22,72.22,74.52,74.52,51.56,51.56,53.57,53.57,37.5,37.5
41,4/14/2020,NC,108,0,22,418,0,5024,0,208,78206,1,72.22,72.22,74.52,74.52,51.56,51.56,53.57,53.57,37.5,37.5
42,4/15/2020,NC,117,0,9,431,0,5123,0,99,80174,1,72.22,72.22,74.52,74.52,51.56,51.56,53.57,53.57,37.5,37.5
43,4/16/2020,NC,131,0,14,452,0,5465,0,342,83389,1,72.22,72.22,74.52,74.52,51.56,51.56,53.57,53.57,37.5,37.5
44,4/17/2020,NC,152,0,21,429,0,5859,0,394,86965,1,72.22,72.22,74.52,74.52,51.56,51.56,53.57,53.57,37.5,37.5
45,4/18/2020,NC,164,0,12,388,0,6140,0,281,89437,1,72.22,72.22,74.52,74.52,51.56,51.56,53.57,53.57,37.5,37.5
46,4/19/2020,NC,172,0,8,465,0,6493,0,353,93037,1,72.22,72.22,74.52,74.52,51.56,51.56,53.57,53.57,37.5,37.5
47,4/20/2020,NC,179,0,7,373,0,6764,0,271,95629,1,72.22,72.22,74.52,74.52,55.47,55.47,58.04,58.04,37.5,37.5
48,4/21/2020,NC,213,0,34,427,0,6951,0,187,96402,1,72.22,72.22,74.52,74.52,55.47,55.47,58.04,58.04,37.5,37.5
49,4/22/2020,NC,242,0,29,434,0,7220,0,269,100922,1,72.22,72.22,74.52,74.52,55.47,55.47,58.04,58.04,37.5,37.5
50,4/23/2020,NC,253,0,11,486,0,7608,0,388,108718,1,72.22,72.22,74.52,74.52,58.59,58.59,61.61,61.61,37.5,37.5
51,4/24/2020,NC,269,0,16,477,0,8052,0,444,115124,1,69.44,69.44,70.95,70.95,57.03,57.03,59.82,59.82,37.5,37.5
52,4/25/2020,NC,289,0,20,456,0,8623,0,571,119912,1,69.44,69.44,70.95,70.95,57.03,57.03,59.82,59.82,37.5,37.5
53,4/26/2020,NC,299,0,10,451,0,8830,0,207,125210,1,69.44,69.44,70.95,70.95,57.03,57.03,59.82,59.82,37.5,37.5
54,4/27/2020,NC,306,0,7,473,0,9142,0,312,128195,1,69.44,69.44,70.95,70.95,57.03,57.03,59.82,59.82,37.5,37.5
55,4/28/2020,NC,342,0,36,463,0,9568,0,426,130329,1,69.44,69.44,70.95,70.95,57.03,57.03,59.82,59.82,37.5,37.5
56,4/29/2020,NC,354,0,12,551,0,9948,9948,380,134080,1,69.44,69.44,70.95,70.95,57.03,57.03,59.82,59.82,37.5,37.5
57,4/30/2020,NC,378,0,24,546,0,10509,10509,561,139398,1,67.59,67.59,70.95,70.95,55.99,55.99,58.63,58.63,37.5,37.5
58,5/1/2020,NC,399,0,21,547,0,10923,10923,414,145996,1,67.59,67.59,70.95,70.95,55.99,55.99,58.63,58.63,37.5,37.5
59,5/2/2020,NC,420,0,21,502,0,11509,11509,586,151486,1,67.59,67.59,70.95,70.95,55.99,55.99,58.63,58.63,37.5,37.5
60,5/3/2020,NC,422,422,2,475,0,11664,11664,155,157447,1,67.59,67.59,70.95,70.95,55.99,55.99,58.63,58.63,37.5,37.5
61,5/4/2020,NC,430,430,8,498,0,11848,11848,184,162649,1,67.59,67.59,70.95,70.95,55.99,55.99,58.63,58.63,37.5,37.5
62,5/5/2020,NC,452,452,22,534,0,12256,12256,408,165350,1,67.59,67.59,70.95,70.95,55.99,55.99,58.63,58.63,37.5,37.5
63,5/6/2020,NC,477,477,25,516,0,12758,12758,502,171322,1,67.59,67.59,70.95,70.95,55.99,55.99,58.63,58.63,37.5,37.5
64,5/7/2020,NC,507,507,30,525,0,13397,13397,639,180652,1,67.59,67.59,70.95,70.95,55.99,55.99,58.63,58.63,37.5,37.5
65,5/8/2020,NC,527,527,20,515,0,13868,13868,471,187523,1,66.67,66.67,72.62,72.62,55.47,55.47,58.04,58.04,37.5,37.5
66,5/9/2020,NC,544,544,17,513,0,14360,14360,492,195440,2,66.67,66.67,72.62,72.62,55.47,55.47,58.04,58.04,37.5,37.5
67,5/10/2020,NC,547,547,3,442,0,14764,14764,404,202897,2,66.67,66.67,72.62,72.62,55.47,55.47,58.04,58.04,37.5,37.5
68,5/11/2020,NC,550,550,3,464,0,15045,15045,281,208215,2,66.67,66.67,72.62,72.62,55.47,55.47,58.04,58.04,37.5,37.5
69,5/12/2020,NC,577,577,27,475,0,15346,15346,301,210956,2,66.67,66.67,72.62,72.62,55.47,55.47,58.04,58.04,37.5,37.5
70,5/13/2020,NC,597,597,20,521,0,15816,15816,470,217642,2,66.67,66.67,72.62,72.62,55.47,55.47,58.04,58.04,37.5,37.5
71,5/14/2020,NC,615,615,18,507,0,16507,16507,691,225561,2,66.67,66.67,72.62,72.62,55.47,55.47,58.04,58.04,37.5,37.5
72,5/15/2020,NC,641,641,26,492,0,17129,17129,622,234878,2,63.89,63.89,72.62,72.62,55.99,55.99,58.63,58.63,37.5,37.5
73,5/16/2020,NC,652,652,11,481,0,17982,17982,853,248801,2,63.89,63.89,72.62,72.62,55.99,55.99,58.63,58.63,37.5,37.5
74,5/17/2020,NC,659,659,7,493,0,18512,18512,530,259509,2,63.89,63.89,72.62,72.62,55.99,55.99,58.63,58.63,37.5,37.5
75,5/18/2020,NC,661,661,2,511,0,19023,19023,511,269017,2,63.89,63.89,72.62,72.62,55.99,55.99,58.63,58.63,37.5,37.5
76,5/19/2020,NC,691,691,30,585,0,19700,19700,677,277414,2,63.89,63.89,72.62,72.62,55.99,55.99,58.63,58.63,37.5,37.5
77,5/20/2020,NC,702,702,11,554,0,20122,20122,422,286061,2,63.89,63.89,72.62,72.62,55.99,55.99,58.63,58.63,37.5,37.5
78,5/21/2020,NC,716,716,14,578,0,20860,20860,738,298374,2,63.89,63.89,72.62,72.62,55.99,55.99,58.63,58.63,37.5,37.5
79,5/22/2020,NC,728,728,12,568,0,21618,21618,758,308559,2,58.33,58.33,69.76,69.76,52.86,52.86,55.06,55.06,37.5,37.5
80,5/23/2020,NC,737,737,9,589,0,22725,22725,1107,320388,3,58.33,58.33,69.76,69.76,52.86,52.86,55.06,55.06,37.5,37.5
81,5/24/2020,NC,744,744,7,587,0,23222,23222,497,329434,3,58.33,58.33,69.76,69.76,52.86,52.86,55.06,55.06,37.5,37.5
82,5/25/2020,NC,754,754,10,627,0,23964,23964,742,336588,3,58.33,58.33,69.76,69.76,52.86,52.86,55.06,55.06,37.5,37.5
83,5/26/2020,NC,766,766,12,621,0,24140,24140,176,344336,3,58.33,58.33,69.76,69.76,52.86,52.86,55.06,55.06,37.5,37.5
84,5/27/2020,NC,794,794,28,702,0,24628,24628,488,347907,3,58.33,58.33,69.76,69.76,52.86,52.86,55.06,55.06,37.5,37.5
85,5/28/2020,NC,827,827,33,708,0,25412,25412,784,359480,3,58.33,58.33,69.76,69.76,52.86,52.86,55.06,55.06,37.5,37.5
86,5/29/2020,NC,859,859,32,680,0,26488,26488,1076,369596,3,58.33,58.33,69.76,69.76,52.86,52.86,55.06,55.06,37.5,37.5
87,5/30/2020,NC,877,877,18,638,0,27673,27673,1185,386302,3,58.33,58.33,69.76,69.76,52.86,52.86,55.06,55.06,37.5,37.5
88,5/31/2020,NC,886,886,9,649,0,28589,28589,916,398280,3,58.33,58.33,69.76,69.76,52.86,52.86,55.06,55.06,37.5,37.5
89,6/1/2020,NC,898,898,12,650,0,29263,29263,674,412211,3,58.33,58.33,69.76,69.76,52.86,52.86,55.06,55.06,37.5,37.5
90,6/2/2020,NC,921,921,23,716,0,29889,29889,626,416763,3,58.33,58.33,69.76,69.76,52.86,52.86,55.06,55.06,37.5,37.5
91,6/3/2020,NC,939,939,18,684,0,30777,30777,888,429076,3,58.33,58.33,69.76,69.76,52.86,52.86,55.06,55.06,37.5,37.5
92,6/4/2020,NC,960,960,21,659,0,31966,31966,1189,442042,3,58.33,58.33,69.76,69.76,52.86,52.86,55.06,55.06,37.5,37.5
93,6/5/2020,NC,966,966,6,717,0,33255,33255,1289,460788,3,58.33,58.33,69.76,69.76,52.86,52.86,55.06,55.06,37.5,37.5
94,6/6/2020,NC,992,992,26,708,0,34625,34625,1370,473709,3,58.33,58.33,69.76,69.76,52.86,52.86,55.06,55.06,37.5,37.5
95,6/7/2020,NC,996,996,4,696,0,35546,35546,921,489499,3,58.33,58.33,69.76,69.76,52.86,52.86,55.06,55.06,37.5,37.5
96,6/8/2020,NC,1006,1006,10,739,0,36484,36484,938,502428,3,58.33,58.33,69.76,69.76,52.86,52.86,55.06,55.06,37.5,37.5
97,6/9/2020,NC,1029,1029,23,774,0,37160,37160,676,511754,3,58.33,58.33,69.76,69.76,52.86,52.86,55.06,55.06,37.5,37.5
98,6/10/2020,NC,1053,1053,24,780,0,38171,38171,1011,527473,3,58.33,58.33,69.76,69.76,52.86,52.86,55.06,55.06,37.5,37.5
99,6/11/2020,NC,1064,1064,11,812,0,39481,39481,1310,542829,3,58.33,58.33,69.76,69.76,52.86,52.86,55.06,55.06,37.5,37.5
100,6/12/2020,NC,1092,1092,28,760,0,41249,41249,1768,562300,3,58.33,58.33,69.76,69.76,52.86,52.86,55.06,55.06,37.5,37.5
101,6/13/2020,NC,1104,1104,12,823,0,42676,42676,1427,584426,3,58.33,58.33,69.76,69.76,52.86,52.86,55.06,55.06,37.5,37.5
102,6/14/2020,NC,1109,1109,5,798,0,44119,44119,1443,600475,3,58.33,58.33,69.76,69.76,52.86,52.86,55.06,55.06,37.5,37.5
103,6/15/2020,NC,1118,1118,9,797,0,45102,45102,983,614016,3,58.33,58.33,69.76,69.76,52.86,52.86,55.06,55.06,37.5,37.5
104,6/16/2020,NC,1154,1154,36,829,0,45853,45853,751,626710,3,58.33,58.33,69.76,69.76,52.86,52.86,55.06,55.06,37.5,37.5
105,6/17/2020,NC,1168,1168,14,846,0,46855,46855,1002,640436,3,58.33,58.33,69.76,69.76,52.86,52.86,55.06,55.06,37.5,37.5
106,6/18/2020,NC,1175,1175,7,857,0,48188,48188,1333,657507,3,58.33,58.33,69.76,69.76,52.86,52.86,55.06,55.06,37.5,37.5
107,6/19/2020,NC,1197,1197,22,871,0,49840,49840,1652,678919,3,58.33,58.33,69.76,69.76,52.86,52.86,55.06,55.06,37.5,37.5
108,6/20/2020,NC,1212,1212,15,883,0,51389,51389,1549,703296,3,58.33,58.33,69.76,69.76,52.86,52.86,55.06,55.06,37.5,37.5
109,6/21/2020,NC,1220,1220,8,845,0,52801,52801,1412,718696,3,58.33,58.33,69.76,69.76,52.86,52.86,55.06,55.06,37.5,37.5
110,6/22/2020,NC,1223,1223,3,870,0,53605,53605,804,736825,3,58.33,58.33,69.76,69.76,52.86,52.86,55.06,55.06,37.5,37.5
111,6/23/2020,NC,1251,1251,28,915,0,54453,54453,848,748078,3,58.33,58.33,69.76,69.76,52.86,52.86,55.06,55.06,37.5,37.5
112,6/24/2020,NC,1266,1266,15,906,0,56174,56174,1721,763791,3,58.33,58.33,69.76,69.76,55.21,55.21,57.74,57.74,37.5,37.5
113,6/25/2020,NC,1284,1284,18,891,0,57183,57183,1009,782318,3,58.33,58.33,69.76,69.76,55.21,55.21,57.74,57.74,37.5,37.5
114,6/26/2020,NC,1303,1303,19,892,0,58818,58818,1635,803556,3,58.33,58.33,69.76,69.76,55.21,55.21,57.74,57.74,37.5,37.5
115,6/27/2020,NC,1312,1312,9,888,0,60537,60537,1719,822705,3,58.33,58.33,69.76,69.76,55.21,55.21,57.74,57.74,37.5,37.5
116,6/28/2020,NC,1322,1322,10,890,0,62142,62142,1605,843116,3,58.33,58.33,69.76,69.76,55.21,55.21,57.74,57.74,37.5,37.5
117,6/29/2020,NC,1325,1325,3,843,0,63484,63484,1342,860664,3,58.33,58.33,69.76,69.76,55.21,55.21,57.74,57.74,37.5,37.5
118,6/30/2020,NC,1343,1343,18,908,0,64670,64670,1186,877038,3,58.33,58.33,69.76,69.76,55.21,55.21,57.74,57.74,37.5,37.5
119,7/1/2020,NC,1373,1373,30,901,0,66513,66513,1843,895499,3,58.33,58.33,69.76,69.76,55.21,55.21,57.74,57.74,37.5,37.5
120,7/2/2020,NC,1391,1391,18,912,0,68142,68142,1629,917410,3,58.33,58.33,69.76,69.76,55.21,55.21,57.74,57.74,37.5,37.5
121,7/3/2020,NC,1392,1392,1,951,0,70241,70241,2099,938884,3,58.33,58.33,69.76,69.76,55.21,55.21,57.74,57.74,37.5,37.5
122,7/4/2020,NC,1395,1395,3,945,0,71654,71654,1413,959293,3,58.33,58.33,69.76,69.76,55.21,55.21,57.74,57.74,37.5,37.5
123,7/5/2020,NC,1396,1396,1,949,0,72983,72983,1329,976201,3,58.33,58.33,69.76,69.76,55.21,55.21,57.74,57.74,37.5,37.5
124,7/6/2020,NC,1398,1398,2,982,0,74529,74529,1546,995086,3,58.33,58.33,69.76,69.76,55.21,55.21,57.74,57.74,37.5,37.5
125,7/7/2020,NC,1420,1420,22,989,0,75875,75875,1346,1012215,3,58.33,58.33,69.76,69.76,55.21,55.21,57.74,57.74,37.5,37.5
126,7/8/2020,NC,1441,1441,21,994,0,77310,77310,1435,1027036,3,58.33,58.33,69.76,69.76,55.21,55.21,57.74,57.74,37.5,37.5
127,7/9/2020,NC,1461,1461,20,1034,0,79349,79349,2039,1045374,3,58.33,58.33,69.76,69.76,55.21,55.21,57.74,57.74,37.5,37.5
128,7/10/2020,NC,1479,1479,18,1046,0,81331,81331,1982,1069034,3,58.33,58.33,69.76,69.76,55.21,55.21,57.74,57.74,37.5,37.5
129,7/11/2020,NC,1499,1499,20,1093,0,83793,83793,2462,1091314,3,58.33,58.33,69.76,69.76,55.21,55.21,57.74,57.74,37.5,37.5
130,7/12/2020,NC,1503,1503,4,1070,0,85701,85701,1908,1115797,3,58.33,58.33,69.76,69.76,55.21,55.21,57.74,57.74,37.5,37.5
131,7/13/2020,NC,1510,1510,7,1040,0,87528,87528,1827,1142819,3,58.33,58.33,69.76,69.76,55.21,55.21,57.74,57.74,37.5,37.5
132,7/14/2020,NC,1552,1552,42,1109,0,89484,89484,1956,1161693,3,58.33,58.33,69.76,69.76,55.21,55.21,57.74,57.74,37.5,37.5
133,7/15/2020,NC,1568,1568,16,1142,0,91266,91266,1782,1184886,3,58.33,58.33,69.76,69.76,55.21,55.21,57.74,57.74,37.5,37.5
134,7/16/2020,NC,1588,1588,20,1134,0,93426,93426,2160,1208018,3,58.33,58.33,69.76,69.76,55.21,55.21,57.74,57.74,37.5,37.5
135,7/17/2020,NC,1606,1606,18,1180,0,95477,95477,2051,1230289,3,58.33,58.33,69.76,69.76,55.21,55.21,57.74,57.74,37.5,37.5
136,7/18/2020,NC,1629,1629,23,1154,0,97958,97958,2481,1258509,3,58.33,58.33,69.76,69.76,55.21,55.21,57.74,57.74,37.5,37.5
137,7/19/2020,NC,1634,1634,5,1115,0,99778,99778,1820,1284308,3,58.33,58.33,69.76,69.76,55.21,55.21,57.74,57.74,37.5,37.5
138,7/20/2020,NC,1642,1642,8,1086,0,101046,101046,1268,1308748,3,58.33,58.33,69.76,69.76,55.21,55.21,57.74,57.74,37.5,37.5
139,7/21/2020,NC,1668,1668,26,1179,0,102861,102861,1815,1329859,3,58.33,58.33,69.76,69.76,55.21,55.21,57.74,57.74,37.5,37.5
140,7/22/2020,NC,1698,1698,30,1137,338,105001,105001,2140,1349841,3,58.33,58.33,69.76,69.76,55.21,55.21,57.74,57.74,37.5,37.5
141,7/23/2020,NC,1726,1726,28,1188,360,106893,106893,1892,1375493,3,58.33,58.33,69.76,69.76,55.21,55.21,57.74,57.74,37.5,37.5
142,7/24/2020,NC,1746,1746,20,1182,363,108995,108995,2102,1402141,3,58.33,58.33,69.76,69.76,57.29,57.29,60.12,60.12,37.5,37.5
143,7/25/2020,NC,1778,1778,32,1168,362,111092,111092,2097,1424254,3,58.33,58.33,69.76,69.76,57.29,57.29,60.12,60.12,37.5,37.5
144,7/26/2020,NC,1785,1785,7,1170,350,112713,112713,1621,1448133,3,58.33,58.33,69.76,69.76,57.29,57.29,60.12,60.12,37.5,37.5
145,7/27/2020,NC,1790,1790,5,1169,352,114338,114338,1625,1473775,3,58.33,58.33,69.76,69.76,57.29,57.29,60.12,60.12,37.5,37.5
146,7/28/2020,NC,1820,1820,30,1244,364,116087,116087,1749,1492513,3,58.33,58.33,69.76,69.76,57.29,57.29,60.12,60.12,37.5,37.5
147,7/29/2020,NC,1865,1865,45,1291,361,117850,117850,1763,1512939,3,58.33,58.33,69.76,69.76,57.29,57.29,60.12,60.12,37.5,37.5
148,7/30/2020,NC,1903,1903,38,1239,358,120194,120194,2344,1538114,3,58.33,58.33,69.76,69.76,57.29,57.29,60.12,60.12,37.5,37.5
149,7/31/2020,NC,1924,1924,21,1229,363,122148,122148,1954,1563552,3,58.33,58.33,69.76,69.76,57.29,57.29,60.12,60.12,37.5,37.5
150,8/1/2020,NC,1964,1964,40,1151,349,123878,123878,1730,1587499,3,58.33,58.33,69.76,69.76,57.29,57.29,60.12,60.12,37.5,37.5
151,8/2/2020,NC,1969,1969,5,1142,341,125219,125219,1341,1610590,3,58.33,58.33,69.76,69.76,57.29,57.29,60.12,60.12,37.5,37.5
152,8/3/2020,NC,1982,1982,13,1057,318,126532,126532,1313,1634070,3,58.33,58.33,69.76,69.76,57.29,57.29,60.12,60.12,37.5,37.5
153,8/4/2020,NC,2010,2010,28,1166,339,128161,128161,1629,1653810,3,58.33,58.33,69.76,69.76,57.29,57.29,60.12,60.12,37.5,37.5
154,8/5/2020,NC,2050,2050,40,1167,346,129288,129288,1127,1665423,3,58.33,58.33,69.76,69.76,57.29,57.29,60.12,60.12,37.5,37.5
155,8/6/2020,NC,2092,2092,42,1147,333,131267,131267,1979,1684981,3,58.33,58.33,69.76,69.76,57.29,57.29,60.12,60.12,37.5,37.5
156,8/7/2020,NC,2134,2134,42,1123,339,132812,132812,1545,1708450,3,58.33,58.33,69.76,69.76,57.29,57.29,60.12,60.12,37.5,37.5
157,8/8/2020,NC,2160,2160,26,1129,335,134766,134766,1954,1730290,3,58.33,58.33,69.76,69.76,57.29,57.29,60.12,60.12,37.5,37.5
158,8/9/2020,NC,2168,2168,8,1109,315,136218,136218,1452,1751321,3,58.33,58.33,69.76,69.76,57.29,57.29,60.12,60.12,37.5,37.5
159,8/10/2020,NC,2172,2172,4,1111,317,136844,136844,626,1770503,3,54.63,54.63,66.19,66.19,55.21,55.21,57.74,57.74,37.5,37.5
160,8/11/2020,NC,2204,2204,32,1122,329,137895,137895,1051,1787640,3,54.63,54.63,66.19,66.19,55.21,55.21,57.74,57.74,37.5,37.5
161,8/12/2020,NC,2249,2249,45,1062,311,139061,139061,1166,1803344,3,54.63,54.63,66.19,66.19,55.21,55.21,57.74,57.74,37.5,37.5
162,8/13/2020,NC,2287,2287,38,1070,313,140824,140824,1763,1830059,3,54.63,54.63,66.19,66.19,55.21,55.21,57.74,57.74,37.5,37.5
163,8/14/2020,NC,2313,2313,26,1049,308,142170,142170,1346,1860127,3,54.63,54.63,66.19,66.19,55.21,55.21,57.74,57.74,37.5,37.5
164,8/15/2020,NC,2343,2343,30,1032,320,143706,143706,1536,1882983,3,54.63,54.63,66.19,66.19,55.21,55.21,57.74,57.74,37.5,37.5
165,8/16/2020,NC,2347,2347,4,934,289,144952,144952,1246,1908635,3,54.63,54.63,66.19,66.19,55.21,55.21,57.74,57.74,37.5,37.5
166,8/17/2020,NC,2348,2348,1,980,290,145516,145516,564,1931656,3,54.63,54.63,66.19,66.19,55.21,55.21,57.74,57.74,37.5,37.5
167,8/18/2020,NC,2396,2396,48,1026,313,146779,146779,1263,1945518,3,54.63,54.63,66.19,66.19,55.21,55.21,57.74,57.74,37.5,37.5
168,8/19/2020,NC,2431,2431,35,1001,306,147932,147932,1153,1956411,3,54.63,54.63,66.19,66.19,55.21,55.21,57.74,57.74,37.5,37.5
169,8/20/2020,NC,2465,2465,34,1023,280,149904,149904,1972,1982150,3,54.63,54.63,66.19,66.19,55.21,55.21,57.74,57.74,37.5,37.5
170,8/21/2020,NC,2494,2494,29,1015,284,151912,151912,2008,2008172,3,54.63,54.63,66.19,66.19,55.21,55.21,57.74,57.74,37.5,37.5
171,8/22/2020,NC,2521,2521,27,996,279,153641,153641,1729,2033933,3,54.63,54.63,66.19,66.19,55.21,55.21,57.74,57.74,37.5,37.5
172,8/23/2020,NC,2531,2531,10,898,268,155113,155113,1472,2058837,3,54.63,54.63,66.19,66.19,55.21,55.21,57.74,57.74,37.5,37.5
173,8/24/2020,NC,2535,2535,4,948,274,156396,156396,1283,2083006,3,54.63,54.63,66.19,66.19,55.21,55.21,57.74,57.74,37.5,37.5
174,8/25/2020,NC,2570,2570,35,1000,270,157741,157741,1345,2096126,3,54.63,54.63,66.19,66.19,58.33,58.33,57.74,57.74,62.5,62.5
175,8/26/2020,NC,2606,2606,36,1004,281,158985,158985,1244,2111046,3,54.63,54.63,66.19,66.19,58.33,58.33,57.74,57.74,62.5,62.5
176,8/27/2020,NC,2630,2630,24,958,272,161076,161076,2091,2142178,3,54.63,54.63,66.19,66.19,58.33,58.33,57.74,57.74,62.5,62.5
177,8/28/2020,NC,2652,2652,22,970,278,162491,162491,1415,2177899,3,54.63,54.63,66.19,66.19,58.33,58.33,57.74,57.74,62.5,62.5
178,8/29/2020,NC,2683,2683,31,965,264,165076,165076,2585,2212770,3,54.63,54.63,66.19,66.19,58.33,58.33,57.74,57.74,62.5,62.5
179,8/30/2020,NC,2692,2692,9,917,260,166127,166127,1051,2243749,3,54.63,54.63,66.19,66.19,58.33,58.33,57.74,57.74,62.5,62.5
180,8/31/2020,NC,2702,2702,10,923,244,167313,167313,1186,2268793,3,54.63,54.63,66.19,66.19,58.33,58.33,57.74,57.74,62.5,62.5
181,9/1/2020,NC,2741,2741,39,946,270,169424,169424,2111,2287415,3,54.63,54.63,66.19,66.19,56.25,56.25,55.36,55.36,62.5,62.5
182,9/2/2020,NC,2779,2779,38,858,270,170553,170553,1129,2302480,3,54.63,54.63,66.19,66.19,56.25,56.25,55.36,55.36,62.5,62.5
183,9/3/2020,NC,2803,2803,24,858,257,172209,172209,1656,2331367,3,54.63,54.63,66.19,66.19,56.25,56.25,55.36,55.36,62.5,62.5
184,9/4/2020,NC,2839,2839,36,955,281,174254,174254,2045,2368246,3,54.63,54.63,66.19,66.19,56.25,56.25,55.36,55.36,62.5,62.5
185,9/5/2020,NC,2889,2889,50,831,254,175815,175815,1561,2400868,3,54.63,54.63,66.19,66.19,56.25,56.25,55.36,55.36,62.5,62.5
186,9/6/2020,NC,2890,2890,1,830,250,176901,176901,1086,2429647,3,54.63,54.63,66.19,66.19,56.25,56.25,55.36,55.36,62.5,62.5
187,9/7/2020,NC,2897,2897,7,765,248,177919,177919,1018,2454856,3,54.63,54.63,66.19,66.19,56.25,56.25,55.36,55.36,62.5,62.5
188,9/8/2020,NC,2909,2909,12,827,262,178635,178635,716,2470106,3,54.63,54.63,66.19,66.19,56.25,56.25,55.36,55.36,62.5,62.5
189,9/9/2020,NC,2958,2958,49,916,296,179532,179532,897,2480727,3,54.63,54.63,66.19,66.19,56.25,56.25,55.36,55.36,62.5,62.5
190,9/10/2020,NC,2990,2990,32,928,291,180754,180754,1222,2496263,3,54.63,54.63,66.19,66.19,56.25,56.25,55.36,55.36,62.5,62.5
191,9/11/2020,NC,3023,3023,33,938,292,182286,182286,1532,2530135,3,54.63,54.63,66.19,66.19,56.25,56.25,55.36,55.36,62.5,62.5
192,9/12/2020,NC,3047,3047,24,870,287,183740,183740,1454,2568816,3,54.63,54.63,66.19,66.19,56.25,56.25,55.36,55.36,62.5,62.5
193,9/13/2020,NC,3052,3052,5,831,270,184936,184936,1196,2602183,3,54.63,54.63,66.19,66.19,56.25,56.25,55.36,55.36,62.5,62.5
194,9/14/2020,NC,3060,3060,8,895,293,185781,185781,845,2628386,3,54.63,54.63,66.19,66.19,56.25,56.25,55.36,55.36,62.5,62.5
195,9/15/2020,NC,3111,3111,51,916,297,186887,186887,1106,2646728,3,54.63,54.63,66.19,66.19,56.25,56.25,55.36,55.36,62.5,62.5
196,9/16/2020,NC,3149,3149,38,918,297,188024,188024,1137,2662357,3,54.63,54.63,66.19,66.19,56.25,56.25,55.36,55.36,62.5,62.5
197,9/17/2020,NC,3180,3180,31,894,286,189576,189576,1552,2690863,3,54.63,54.63,66.19,66.19,56.25,56.25,55.36,55.36,62.5,62.5
198,9/18/2020,NC,3207,3207,27,904,283,191019,191019,1443,2728470,3,54.63,54.63,66.19,66.19,56.25,56.25,55.36,55.36,62.5,62.5
199,9/19/2020,NC,3235,3235,28,882,293,192248,192248,1229,2762911,3,54.63,54.63,66.19,66.19,56.25,56.25,55.36,55.36,62.5,62.5
200,9/20/2020,NC,3243,3243,8,889,292,193581,193581,1333,2790314,3,54.63,54.63,66.19,66.19,56.25,56.25,55.36,55.36,62.5,62.5
201,9/21/2020,NC,3247,3247,4,885,277,194381,194381,800,2814993,3,54.63,54.63,66.19,66.19,56.25,56.25,55.36,55.36,62.5,62.5
202,9/22/2020,NC,3286,3286,39,905,277,195549,195549,1168,2830994,3,54.63,54.63,66.19,66.19,56.25,56.25,55.36,55.36,62.5,62.5
203,9/23/2020,NC,3316,3316,30,912,281,196501,196501,952,2843328,3,54.63,54.63,66.19,66.19,56.25,56.25,55.36,55.36,62.5,62.5
204,9/24/2020,NC,3356,3356,40,902,279,198189,198189,1688,2871507,3,54.63,54.63,66.19,66.19,56.25,56.25,55.36,55.36,62.5,62.5
205,9/25/2020,NC,3409,3409,53,903,281,204331,199768,6142,2909577,3,54.63,54.63,66.19,66.19,56.25,56.25,55.36,55.36,62.5,62.5
206,9/26/2020,NC,3440,3413,31,914,272,206090,201431,1759,2945386,3,54.63,54.63,66.19,66.19,56.25,56.25,55.36,55.36,62.5,62.5
207,9/27/2020,NC,3441,3414,1,917,269,207380,202704,1290,2976678,3,54.63,54.63,66.19,66.19,56.25,56.25,55.36,55.36,62.5,62.5
208,9/28/2020,NC,3445,3418,4,897,271,208248,203568,868,3002591,3,54.63,54.63,66.19,66.19,56.25,56.25,55.36,55.36,62.5,62.5
209,9/29/2020,NC,3494,3467,49,950,287,209137,204331,889,3016380,3,54.63,54.63,66.19,66.19,56.25,56.25,55.36,55.36,62.5,62.5
210,9/30/2020,NC,3532,3505,38,956,297,210632,205703,1495,3030055,3,54.63,54.63,66.19,66.19,56.25,56.25,55.36,55.36,62.5,62.5
211,10/1/2020,NC,3579,3551,47,939,297,212909,207789,2277,3058629,3,54.63,54.63,66.19,66.19,56.25,56.25,55.36,55.36,62.5,62.5
212,10/2/2020,NC,3608,3579,29,921,278,214684,209397,1775,3098503,3,54.63,54.63,66.19,66.19,56.25,56.25,55.36,55.36,62.5,62.5
213,10/3/2020,NC,3629,3600,21,921,273,216886,211403,2202,3133929,3,54.63,54.63,66.19,66.19,56.25,56.25,55.36,55.36,62.5,62.5
214,10/4/2020,NC,3634,3603,5,907,266,217496,211961,610,3165818,3,54.63,54.63,66.19,66.19,56.25,56.25,55.36,55.36,62.5,62.5
215,10/5/2020,NC,3637,3606,3,971,274,219754,214209,2258,3192516,3,54.63,54.63,66.19,66.19,56.25,56.25,55.36,55.36,62.5,62.5
216,10/6/2020,NC,3670,3639,33,1013,290,221258,215477,1504,3210310,3,54.63,54.63,66.19,66.19,56.25,56.25,55.36,55.36,62.5,62.5
217,10/7/2020,NC,3693,3661,23,1028,288,222969,216943,1711,3227198,3,54.63,54.63,66.19,66.19,56.25,56.25,55.36,55.36,62.5,62.5
218,10/8/2020,NC,3722,3689,29,1051,296,225397,219162,2428,3260626,3,54.63,54.63,66.19,66.19,56.25,56.25,55.36,55.36,62.5,62.5
219,10/9/2020,NC,3747,3713,25,1065,299,227431,220965,2034,3300638,3,54.63,54.63,66.19,66.19,56.25,56.25,55.36,55.36,62.5,62.5
220,10/10/2020,NC,3765,3731,18,1034,281,229752,223089,2321,3341821,3,54.63,54.63,66.19,66.19,56.25,56.25,55.36,55.36,62.5,62.5
221,10/11/2020,NC,3770,3735,5,1046,288,231471,224727,1719,3378041,3,54.63,54.63,66.19,66.19,56.25,56.25,55.36,55.36,62.5,62.5
222,10/12/2020,NC,3773,3738,3,1109,314,232747,225959,1276,3410281,3,54.63,54.63,66.19,66.19,56.25,56.25,55.36,55.36,62.5,62.5
223,10/13/2020,NC,3816,3774,43,1103,306,234481,227496,1734,3431640,3,54.63,54.63,66.19,66.19,56.25,56.25,55.36,55.36,62.5,62.5
224,10/14/2020,NC,3856,3813,40,1152,300,236407,229115,1926,3452177,3,54.63,54.63,66.19,66.19,56.25,56.25,55.36,55.36,62.5,62.5
225,10/15/2020,NC,3874,3831,18,1140,296,238939,231362,2532,3485026,3,54.63,54.63,66.19,66.19,56.25,56.25,55.36,55.36,62.5,62.5
226,10/16/2020,NC,3910,3864,36,1148,299,241623,233732,2684,3526194,3,54.63,54.63,66.19,66.19,56.25,56.25,55.36,55.36,62.5,62.5
227,10/17/2020,NC,3929,3882,19,1140,316,243725,235597,2102,3566257,3,54.63,54.63,66.19,66.19,56.25,56.25,55.36,55.36,62.5,62.5
228,10/18/2020,NC,3934,3887,5,1129,310,246028,237805,2303,3599871,3,54.63,54.63,66.19,66.19,56.25,56.25,55.36,55.36,62.5,62.5
229,10/19/2020,NC,3939,3892,5,1142,311,247172,238894,1144,3632454,3,54.63,54.63,66.19,66.19,56.25,56.25,55.36,55.36,62.5,62.5
230,10/20/2020,NC,3992,3941,53,1203,326,248750,240297,1578,3655573,3,54.63,54.63,66.19,66.19,56.25,56.25,55.36,55.36,62.5,62.5
231,10/21/2020,NC,4032,3981,40,1219,337,250592,241792,1842,3672176,3,54.63,54.63,66.19,66.19,56.25,56.25,55.36,55.36,62.5,62.5
232,10/22/2020,NC,4082,4028,50,1205,333,252992,243923,2400,3706914,3,54.63,54.63,66.19,66.19,56.25,56.25,55.36,55.36,62.5,62.5
233,10/23/2020,NC,4114,4058,32,1181,325,255708,246346,2716,3751895,0,54.63,54.63,66.19,66.19,56.25,56.25,55.36,55.36,62.5,62.5
234,10/24/2020,NC,4144,4085,30,1182,338,258292,248620,2584,3790617,0,54.63,54.63,66.19,66.19,56.25,56.25,55.36,55.36,62.5,62.5
235,10/25/2020,NC,4157,4097,13,1148,321,260099,250332,1807,3827249,0,54.63,54.63,66.19,66.19,56.25,56.25,55.36,55.36,62.5,62.5
236,10/26/2020,NC,4170,4108,13,1193,332,261742,251937,1643,3857278,0,54.63,54.63,66.19,66.19,56.25,56.25,55.36,55.36,62.5,62.5
237,10/27/2020,NC,4211,4144,41,1214,329,263883,253847,2141,3882328,0,54.63,54.63,66.19,66.19,56.25,56.25,55.36,55.36,62.5,62.5
238,10/28/2020,NC,4245,4176,34,1193,329,266136,255693,2253,3903917,0,54.63,54.63,66.19,66.19,56.25,56.25,55.36,55.36,62.5,62.5
239,10/29/2020,NC,4283,4210,38,1181,340,269021,258319,2885,3940586,0,54.63,54.63,66.19,66.19,56.25,56.25,55.36,55.36,62.5,62.5
240,10/30/2020,NC,4332,4257,49,1196,343,271830,260709,2809,3983645,0,54.63,54.63,66.19,66.19,56.25,56.25,55.36,55.36,62.5,62.5
241,10/31/2020,NC,4378,4301,46,1184,345,274635,263177,2805,4025732,0,54.63,54.63,66.19,66.19,56.25,56.25,55.36,55.36,62.5,62.5
242,11/1/2020,NC,4383,4306,5,1122,328,276692,265171,2057,4062923,0,54.63,54.63,66.19,66.19,56.25,56.25,55.36,55.36,62.5,62.5
243,11/2/2020,NC,4390,4313,7,1146,344,278028,266451,1336,4095672,0,54.63,54.63,66.19,66.19,56.25,56.25,55.36,55.36,62.5,62.5
244,11/3/2020,NC,4457,4371,67,1175,331,280377,268613,2349,4121813,0,54.63,54.63,66.19,66.19,56.25,56.25,55.36,55.36,62.5,62.5
245,11/4/2020,NC,4507,4418,50,1186,327,282802,270675,2425,4144314,0,54.63,54.63,66.19,66.19,56.25,56.25,55.36,55.36,62.5,62.5
246,11/5/2020,NC,4548,4457,41,1193,323,285661,273173,2859,4184950,0,54.63,54.63,66.19,66.19,56.25,56.25,55.36,55.36,62.5,62.5
247,11/6/2020,NC,4582,4489,34,1161,311,288569,275790,2908,4230191,0,54.63,54.63,66.19,66.19,56.25,56.25,55.36,55.36,62.5,62.5
248,11/7/2020,NC,4605,4511,23,1196,327,291245,278200,2676,4272137,0,54.63,54.63,66.19,66.19,56.25,56.25,55.36,55.36,62.5,62.5
249,11/8/2020,NC,4607,4513,2,1147,311,293339,280213,2094,4310365,0,54.63,54.63,66.19,66.19,56.25,56.25,55.36,55.36,62.5,62.5
250,11/9/2020,NC,4615,4521,8,1169,323,294860,281679,1521,4344103,0,54.63,54.63,66.19,66.19,56.25,56.25,55.36,55.36,62.5,62.5
251,11/10/2020,NC,4660,4562,45,1230,325,297442,283895,2582,4369833,0,54.63,54.63,66.19,66.19,56.25,56.25,55.36,55.36,62.5,62.5
252,11/11/2020,NC,4698,4598,38,1246,301,300561,286524,3119,4395812,0,54.63,54.63,66.19,66.19,56.25,56.25,55.36,55.36,62.5,62.5
253,11/12/2020,NC,4706,4606,8,1279,325,303454,289204,2893,4433680,0,54.63,54.63,66.19,66.19,56.25,56.25,55.36,55.36,62.5,62.5
254,11/13/2020,NC,4720,4619,14,1423,352,305233,290802,1779,4477101,0,57.41,57.41,69.05,69.05,57.81,57.81,57.14,57.14,62.5,62.5
255,11/14/2020,NC,4756,4651,36,1425,347,309118,294328,3885,4521717,0,57.41,57.41,69.05,69.05,57.81,57.81,57.14,57.14,62.5,62.5
256,11/15/2020,NC,4806,4696,50,1395,352,312235,297184,3117,4560187,0,57.41,57.41,69.05,69.05,57.81,57.81,57.14,57.14,62.5,62.5
257,11/16/2020,NC,4814,4704,8,1424,360,314207,299061,1972,4594924,0,57.41,57.41,69.05,69.05,57.81,57.81,57.14,57.14,62.5,62.5
258,11/17/2020,NC,4852,4738,38,1501,370,317495,301998,3288,4623638,0,57.41,57.41,69.05,69.05,57.81,57.81,57.14,57.14,62.5,62.5
259,11/18/2020,NC,4898,4780,46,1537,386,320862,304784,3367,4654490,0,57.41,57.41,69.05,69.05,57.81,57.81,57.14,57.14,62.5,62.5
260,11/19/2020,NC,4936,4814,38,1538,395,325158,308548,4296,4700342,0,57.41,57.41,69.05,69.05,57.81,57.81,57.14,57.14,62.5,62.5
261,11/20/2020,NC,4979,4854,43,1571,415,328846,311772,3688,4750277,0,57.41,57.41,69.05,69.05,59.9,59.9,59.52,59.52,62.5,62.5
262,11/21/2020,NC,5005,4880,26,1590,409,332261,314615,3415,4803616,0,57.41,57.41,69.05,69.05,59.9,59.9,59.52,59.52,62.5,62.5
263,11/22/2020,NC,5034,4907,29,1571,404,336775,318763,4514,4854135,0,57.41,57.41,69.05,69.05,59.9,59.9,59.52,59.52,62.5,62.5
264,11/23/2020,NC,5039,4910,5,1601,397,339194,320990,2419,4896217,0,57.41,57.41,69.05,69.05,57.81,57.81,57.14,57.14,62.5,62.5
265,11/24/2020,NC,5074,4939,35,1724,412,342294,323751,3100,4936308,0,57.41,57.41,69.05,69.05,57.81,57.81,57.14,57.14,62.5,62.5
266,11/25/2020,NC,5138,4993,64,1811,431,346506,327379,4212,4982620,0,57.41,57.41,69.05,69.05,57.81,57.81,57.14,57.14,62.5,62.5
267,11/26/2020,NC,5138,4993,0,1811,431,346506,327379,0,5027986,0,57.41,57.41,69.05,69.05,57.81,57.81,57.14,57.14,62.5,62.5
268,11/27/2020,NC,5210,5059,72,1780,437,354514,334190,8008,5089455,0,57.41,57.41,69.05,69.05,57.81,57.81,57.14,57.14,62.5,62.5
269,11/28/2020,NC,5219,5068,9,1840,450,357958,337501,3444,5129863,0,57.41,57.41,69.05,69.05,57.81,57.81,57.14,57.14,62.5,62.5
270,11/29/2020,NC,5240,5085,21,1885,454,361778,340939,3820,5169025,0,57.41,57.41,69.05,69.05,57.81,57.81,57.14,57.14,62.5,62.5
271,11/30/2020,NC,5261,5104,21,1966,457,364512,343518,2734,5203379,0,57.41,57.41,69.05,69.05,57.81,57.81,57.14,57.14,62.5,62.5
272,12/1/2020,NC,5284,5123,23,2033,485,367395,345906,2883,5226292,0,57.41,57.41,69.05,69.05,57.81,57.81,57.14,57.14,62.5,62.5
273,12/2/2020,NC,5366,5192,82,2039,508,371594,349280,4199,5252392,0,57.41,57.41,69.05,69.05,57.81,57.81,57.14,57.14,62.5,62.5
274,12/3/2020,NC,5410,5231,44,2101,500,377231,353966,5637,5299428,0,57.41,57.41,69.05,69.05,57.81,57.81,57.14,57.14,62.5,62.5
275,12/4/2020,NC,5467,5279,57,2157,505,382534,358467,5303,5352128,0,57.41,57.41,69.05,69.05,57.81,57.81,57.14,57.14,62.5,62.5
276,12/5/2020,NC,5516,5323,49,2171,508,388552,363698,6018,5408609,0,54.63,54.63,66.19,66.19,56.25,56.25,55.36,55.36,62.5,62.5
277,12/6/2020,NC,5543,5347,27,2191,515,394990,369538,6438,5459687,0,54.63,54.63,66.19,66.19,56.25,56.25,55.36,55.36,62.5,62.5
278,12/7/2020,NC,5560,5364,17,2240,528,399362,373684,4372,5508871,0,54.63,54.63,66.19,66.19,56.25,56.25,55.36,55.36,62.5,62.5
279,12/8/2020,NC,5605,5401,45,2373,573,404032,377926,4670,5546995,0,54.63,54.63,66.19,66.19,56.25,56.25,55.36,55.36,62.5,62.5
280,12/9/2020,NC,5661,5453,56,2440,577,410527,383408,6495,5587556,0,54.63,54.63,66.19,66.19,56.25,56.25,55.36,55.36,62.5,62.5
281,12/10/2020,NC,5714,5497,53,2444,573,416083,388106,5556,5639915,0,54.63,54.63,66.19,66.19,56.25,56.25,55.36,55.36,62.5,62.5
282,12/11/2020,NC,5752,5528,38,2514,583,423623,394742,7540,5703416,0,58.33,58.33,67.38,67.38,58.33,58.33,57.74,57.74,62.5,62.5
283,12/12/2020,NC,5796,5564,44,2577,610,429776,399981,6153,5763195,0,58.33,58.33,67.38,67.38,58.33,58.33,57.74,57.74,62.5,62.5
284,12/13/2020,NC,5823,5588,27,2520,606,436595,406174,6819,5818033,0,58.33,58.33,67.38,67.38,58.33,58.33,57.74,57.74,62.5,62.5
285,12/14/2020,NC,5855,5615,32,2553,613,441365,410470,4770,5862498,0,58.33,58.33,67.38,67.38,58.33,58.33,57.74,57.74,62.5,62.5
286,12/15/2020,NC,5881,5639,26,2735,643,446601,415080,5236,5898630,0,58.33,58.33,67.38,67.38,59.58,59.58,59.17,59.17,62.5,62.5
287,12/16/2020,NC,5979,5714,98,2811,646,451874,419231,5273,5932399,0,58.33,58.33,67.38,67.38,59.58,59.58,59.17,59.17,62.5,62.5
288,12/17/2020,NC,6065,5788,86,2804,620,457660,423821,5786,5985959,0,58.33,58.33,67.38,67.38,59.58,59.58,59.17,59.17,62.5,62.5
289,12/18/2020,NC,6125,5842,60,2824,619,466104,431219,8444,6054989,0,58.33,58.33,67.38,67.38,59.58,59.58,59.17,59.17,62.5,62.5
290,12/19/2020,NC,6184,5892,59,2846,634,472268,436625,6164,6124882,0,58.33,58.33,67.38,67.38,59.58,59.58,59.17,59.17,62.5,62.5
291,12/20/2020,NC,6224,5925,40,2748,629,479168,442682,6900,6186228,0,58.33,58.33,67.38,67.38,59.58,59.58,59.17,59.17,62.5,62.5
292,12/21/2020,NC,6240,5940,16,2817,659,483647,446795,4479,6238603,0,58.33,58.33,67.38,67.38,59.58,59.58,59.17,59.17,62.5,62.5
293,12/22/2020,NC,6291,5980,51,3001,686,488902,451384,5255,6274460,0,58.33,58.33,67.38,67.38,59.58,59.58,59.17,59.17,62.5,62.5
294,12/23/2020,NC,6360,6029,69,3043,696,494511,455469,5609,6318737,0,58.33,58.33,67.38,67.38,59.58,59.58,59.17,59.17,62.5,62.5
295,12/24/2020,NC,6360,6029,0,3043,696,494511,455469,0,6376650,0,58.33,58.33,67.38,67.38,59.58,59.58,59.17,59.17,62.5,62.5
296,12/25/2020,NC,6360,6029,0,3043,696,494511,455469,0,6452744,0,58.33,58.33,67.38,67.38,59.58,59.58,59.17,59.17,62.5,62.5
297,12/26/2020,NC,6526,6154,166,3023,714,513930,472488,19419,6505990,0,58.33,58.33,67.38,67.38,59.58,59.58,59.17,59.17,62.5,62.5
298,12/27/2020,NC,6549,6176,23,3123,721,516828,475269,2898,6541776,0,58.33,58.33,67.38,67.38,59.58,59.58,59.17,59.17,62.5,62.5
299,12/28/2020,NC,6561,6186,12,3192,733,520716,478714,3888,6559078,0,58.33,58.33,67.38,67.38,59.58,59.58,59.17,59.17,62.5,62.5
300,12/29/2020,NC,6574,6199,13,3377,761,524279,481665,3563,6578775,0,58.33,58.33,67.38,67.38,59.58,59.58,59.17,59.17,62.5,62.5
301,12/30/2020,NC,6729,6325,155,3339,768,532830,487967,8551,6609303,0,58.33,58.33,67.38,67.38,59.58,59.58,59.17,59.17,62.5,62.5
302,12/31/2020,NC,6748,6342,19,3472,774,539545,493951,6715,6668325,0,58.33,58.33,67.38,67.38,59.58,59.58,59.17,59.17,62.5,62.5
303,1/1/2021,NC,6748,6342,0,3472,774,539545,493951,0,6741248,0,58.33,58.33,67.38,67.38,59.58,59.58,59.17,59.17,62.5,62.5
304,1/2/2021,NC,6892,6467,144,3479,783,558437,510515,18892,6807491,0,58.33,58.33,67.38,67.38,59.58,59.58,59.17,59.17,62.5,62.5
305,1/3/2021,NC,6910,6482,18,3576,776,564924,516657,6487,6852652,0,58.33,58.33,67.38,67.38,59.58,59.58,59.17,59.17,62.5,62.5
306,1/4/2021,NC,6941,6509,31,3635,783,570111,521426,5187,6890572,0,58.33,58.33,67.38,67.38,59.58,59.58,59.17,59.17,62.5,62.5
307,1/5/2021,NC,6996,6552,55,3781,813,575396,525813,5285,6915111,0,58.33,58.33,67.38,67.38,59.58,59.58,59.17,59.17,62.5,62.5
308,1/6/2021,NC,7076,6615,80,3893,823,582348,530830,6952,6955559,0,66.67,66.67,73.81,73.81,64.27,64.27,64.52,64.52,62.5,62.5
309,1/7/2021,NC,7213,6727,137,3960,826,592746,539544,10398,7019613,0,66.67,66.67,73.81,73.81,64.27,64.27,64.52,64.52,62.5,62.5
310,1/8/2021,NC,7328,6821,115,3960,833,602774,548133,10028,7093220,0,66.67,66.67,73.81,73.81,64.27,64.27,64.52,64.52,62.5,62.5
311,1/9/2021,NC,7425,6901,97,3871,834,614355,558293,11581,7158994,0,66.67,66.67,73.81,73.81,64.27,64.27,64.52,64.52,62.5,62.5
312,1/10/2021,NC,7567,7021,142,3774,790,623188,566175,8833,7226838,0,66.67,66.67,73.81,73.81,64.27,64.27,64.52,64.52,62.5,62.5
313,1/11/2021,NC,7578,7031,11,3843,811,629124,571758,5936,7286664,0,66.67,66.67,73.81,73.81,64.27,64.27,64.52,64.52,62.5,62.5
314,1/12/2021,NC,7638,7080,60,3940,839,635975,577872,6851,7316817,0,66.67,66.67,73.81,73.81,64.27,64.27,64.52,64.52,62.5,62.5
315,1/13/2021,NC,7745,7167,107,3951,848,641073,581331,5098,7357923,0,64.81,64.81,70.24,70.24,63.23,63.23,63.33,63.33,62.5,62.5
316,1/14/2021,NC,7825,7230,80,3990,858,650926,589265,9853,7426166,0,64.81,64.81,70.24,70.24,64.48,64.48,64.76,64.76,62.5,62.5
317,1/15/2021,NC,7933,7323,108,3916,861,659840,596770,8914,7496094,0,64.81,64.81,70.24,70.24,64.48,64.48,64.76,64.76,62.5,62.5
318,1/16/2021,NC,8016,7384,83,3895,880,667826,603682,7986,7567175,0,64.81,64.81,70.24,70.24,64.48,64.48,64.76,64.76,62.5,62.5
319,1/17/2021,NC,8083,7446,67,3862,863,674637,609633,6811,7637008,0,64.81,64.81,70.24,70.24,64.48,64.48,64.76,64.76,62.5,62.5
320,1/18/2021,NC,8083,7446,0,3862,863,674637,609633,0,7692852,0,64.81,64.81,70.24,70.24,64.48,64.48,64.76,64.76,62.5,62.5
321,1/19/2021,NC,8139,7495,56,3881,861,684497,618570,9860,7724213,0,64.81,64.81,70.24,70.24,64.48,64.48,64.76,64.76,62.5,62.5
322,1/20/2021,NC,8200,7542,61,3740,803,690912,622857,6415,7762095,0,64.81,64.81,70.24,70.24,64.48,64.48,64.76,64.76,62.5,62.5
323,1/21/2021,NC,8339,7663,139,3666,780,698099,628562,7187,7818538,0,64.81,64.81,70.24,70.24,64.48,64.48,64.76,64.76,62.5,62.5
324,1/22/2021,NC,8464,7756,125,3512,752,705535,634593,7436,7888392,0,64.81,64.81,70.24,70.24,64.48,64.48,64.76,64.76,62.5,62.5
325,1/23/2021,NC,8586,7858,122,3416,736,712716,640436,7181,7944482,0,64.81,64.81,70.24,70.24,64.48,64.48,64.76,64.76,62.5,62.5
326,1/24/2021,NC,8695,7942,109,3303,713,718812,645559,6096,8000387,0,64.81,64.81,70.24,70.24,64.48,64.48,64.76,64.76,62.5,62.5
327,1/25/2021,NC,8720,7964,25,3287,703,723445,649864,4633,8051007,0,64.81,64.81,70.24,70.24,64.48,64.48,64.76,64.76,62.5,62.5
328,1/26/2021,NC,8776,8005,56,3368,696,727423,652993,3978,8075827,0,64.81,64.81,70.24,70.24,64.48,64.48,64.76,64.76,62.5,62.5
329,1/27/2021,NC,8915,8120,139,3305,676,733010,657038,5587,8110885,0,64.81,64.81,70.24,70.24,64.48,64.48,64.76,64.76,62.5,62.5
330,1/28/2021,NC,9046,8213,131,3238,660,739500,662186,6490,8173316,0,64.81,64.81,70.24,70.24,64.48,64.48,64.76,64.76,62.5,62.5
331,1/29/2021,NC,9157,8303,111,3048,644,746459,667836,6959,8243508,0,64.81,64.81,70.24,70.24,64.48,64.48,64.76,64.76,62.5,62.5
332,1/30/2021,NC,9287,8404,130,2883,651,752627,672774,6168,8299263,0,64.81,64.81,70.24,70.24,64.48,64.48,64.76,64.76,62.5,62.5
333,1/31/2021,NC,9335,8442,48,2782,635,757526,676973,4899,8356118,0,64.81,64.81,70.24,70.24,64.48,64.48,64.76,64.76,62.5,62.5
334,2/1/2021,NC,9342,8448,7,2781,636,761302,680446,3776,8401409,0,64.81,64.81,70.24,70.24,64.48,64.48,64.76,64.76,62.5,62.5
335,2/2/2021,NC,9409,8503,67,2741,645,764228,682726,2926,8422860,0,64.81,64.81,70.24,70.24,64.48,64.48,64.76,64.76,62.5,62.5
336,2/3/2021,NC,9578,8630,169,2706,635,776307,687750,12079,8451902,0,64.81,64.81,70.24,70.24,64.48,64.48,64.76,64.76,62.5,62.5
337,2/4/2021,NC,9728,8753,150,2630,630,781802,692010,5495,8510848,0,64.81,64.81,70.24,70.24,64.48,64.48,64.76,64.76,62.5,62.5
338,2/5/2021,NC,9841,8838,113,2523,599,787349,696096,5547,8571543,0,64.81,64.81,70.24,70.24,64.48,64.48,64.76,64.76,62.5,62.5
339,2/6/2021,NC,9926,8901,85,2468,591,791521,699321,4172,8626106,0,64.81,64.81,70.24,70.24,64.48,64.48,64.76,64.76,62.5,62.5
340,2/7/2021,NC,9983,8951,57,2378,584,796195,703244,4674,8679100,0,64.81,64.81,70.24,70.24,64.48,64.48,64.76,64.76,62.5,62.5
341,2/8/2021,NC,9991,8958,8,2339,559,799279,705950,3084,8719552,0,64.81,64.81,70.24,70.24,64.48,64.48,64.76,64.76,62.5,62.5
342,2/9/2021,NC,10046,9002,55,2374,558,802065,708165,2786,8743793,0,64.81,64.81,70.24,70.24,64.48,64.48,64.76,64.76,62.5,62.5
343,2/10/2021,NC,10181,9107,135,2291,540,805898,710653,3833,8773463,0,64.81,64.81,70.24,70.24,64.48,64.48,64.76,64.76,62.5,62.5
344,2/11/2021,NC,10294,9189,113,2185,516,810466,714012,4568,8829215,0,64.81,64.81,70.24,70.24,64.48,64.48,64.76,64.76,62.5,62.5
345,2/12/2021,NC,10376,9254,82,2151,506,814594,717498,4128,8889330,0,64.81,64.81,70.24,70.24,64.48,64.48,64.76,64.76,62.5,62.5
346,2/13/2021,NC,10453,9306,77,2101,496,818724,720453,4130,8936233,0,64.81,64.81,70.24,70.24,67.6,67.6,68.33,68.33,62.5,62.5
347,2/14/2021,NC,10491,9337,38,1989,481,821894,723162,3170,8982818,0,64.81,64.81,70.24,70.24,67.6,67.6,68.33,68.33,62.5,62.5
348,2/15/2021,NC,10501,9345,10,1941,471,824352,725385,2458,9014446,0,59.26,59.26,66.67,66.67,62.92,62.92,62.98,62.98,62.5,62.5
349,2/16/2021,NC,10562,9392,61,1958,473,826340,726761,1988,9036318,0,59.26,59.26,66.67,66.67,62.92,62.92,62.98,62.98,62.5,62.5
350,2/17/2021,NC,10670,9482,108,1954,446,829507,728776,3167,9058420,0,59.26,59.26,66.67,66.67,62.92,62.92,62.98,62.98,62.5,62.5
351,2/18/2021,NC,10766,9554,96,1892,436,833423,731595,3916,9105676,0,59.26,59.26,66.67,66.67,62.92,62.92,62.98,62.98,62.5,62.5
352,2/19/2021,NC,10820,9595,54,1780,411,836650,733964,3227,9149998,0,59.26,59.26,66.67,66.67,62.92,62.92,62.98,62.98,62.5,62.5
353,2/20/2021,NC,10896,9655,76,1708,409,840096,735879,3446,9191745,0,59.26,59.26,66.67,66.67,62.92,62.92,62.98,62.98,62.5,62.5
354,2/21/2021,NC,10926,9683,30,1647,402,842637,737992,2541,9226700,0,59.26,59.26,66.67,66.67,62.92,62.92,62.98,62.98,62.5,62.5
355,2/22/2021,NC,10934,9691,8,1567,383,844770,739768,2133,9262399,0,59.26,59.26,66.67,66.67,62.92,62.92,62.98,62.98,62.5,62.5
356,2/23/2021,NC,10965,9718,31,1563,384,846284,740772,1514,9283137,0,59.26,59.26,66.67,66.67,62.92,62.92,62.98,62.98,62.5,62.5
357,2/24/2021,NC,11074,9804,109,1530,380,849630,742766,3346,9310743,0,59.26,59.26,66.67,66.67,64.17,64.17,64.4,64.4,62.5,62.5
358,2/25/2021,NC,11137,9856,63,1498,373,852981,745214,3351,9361775,0,59.26,59.26,66.67,66.67,64.17,64.17,64.4,64.4,62.5,62.5
359,2/26/2021,NC,11186,9897,49,1465,367,855905,747385,2924,9422466,0,56.48,56.48,63.81,63.81,62.6,62.6,62.62,62.62,62.5,62.5
360,2/27/2021,NC,11212,9922,26,1414,348,858548,749388,2643,9463409,0,56.48,56.48,63.81,63.81,62.6,62.6,62.62,62.62,62.5,62.5
361,2/28/2021,NC,11212,9922,0,1414,348,858548,749388,0,9499985,0,56.48,56.48,63.81,63.81,62.6,62.6,62.62,62.62,62.5,62.5
362,3/1/2021,NC,11254,9959,42,1319,333,862170,752406,3622,9525274,0,56.48,56.48,63.81,63.81,62.6,62.6,62.62,62.62,62.5,62.5
363,3/2/2021,NC,11288,9987,34,1353,334,863409,753280,1239,9541671,0,56.48,56.48,63.81,63.81,62.6,62.6,62.62,62.62,62.5,62.5
364,3/3/2021,NC,11363,10050,75,1303,332,865554,754610,2145,9561647,0,56.48,56.48,63.81,63.81,62.6,62.6,62.62,62.62,62.5,62.5
365,3/4/2021,NC,11399,10083,36,1290,326,868056,756509,2502,9605697,0,56.48,56.48,63.81,63.81,62.6,62.6,62.62,62.62,62.5,62.5
366,3/5/2021,NC,11446,10125,47,1226,314,870149,758115,2093,9650184,0,56.48,56.48,63.81,63.81,62.6,62.6,62.62,62.62,62.5,62.5
